Date,Open,High,Low,Close,Volume,Dividends,Stock Splits,symbol
2022-12-14 00:00:00+07:00,2.9600000381469727,3.0199999809265137,2.9600000381469727,2.9600000381469727,293403,0,0,2S
2022-12-13 00:00:00+07:00,62.5,62.5,62.5,62.5,100,0,0,3K-BAT
2022-12-14 00:00:00+07:00,0.6299999952316284,0.6399999856948853,0.6100000143051147,0.6200000047683716,11867969,0,0,7UP
2022-12-14 00:00:00+07:00,4.980000019073486,4.980000019073486,4.960000038146973,4.980000019073486,4602,0,0,A
2022-12-14 00:00:00+07:00,7.5,7.699999809265137,7.449999809265137,7.550000190734863,28030291,0,0,AAI
2022-12-14 00:00:00+07:00,3.059999942779541,3.059999942779541,3.0,3.0199999809265137,16128182,0,0,AAV
2022-12-14 00:00:00+07:00,1.2300000190734863,1.2400000095367432,1.2000000476837158,1.2200000286102295,2152410,0,0,ACC
2022-12-14 00:00:00+07:00,2.680000066757202,2.680000066757202,2.6600000858306885,2.680000066757202,5854701,0,0,ACE
2022-12-14 00:00:00+07:00,1.559999942779541,1.559999942779541,1.5299999713897705,1.5299999713897705,14800,0,0,ACG
2022-12-14 00:00:00+07:00,187.0,187.0,186.0,186.0,2175800,0,0,ADVANC
2022-12-14 00:00:00+07:00,174.5,178.0,173.5,177.5,385900,0,0,AEONTS
2022-12-14 00:00:00+07:00,9.5,9.75,9.5,9.550000190734863,11500,0,0,AFC
2022-12-14 00:00:00+07:00,4.139999866485596,4.179999828338623,4.119999885559082,4.159999847412109,2576854,0,0,AGE
2022-12-14 00:00:00+07:00,33.5,34.5,33.5,33.75,1734228,0,0,AH
2022-12-14 00:00:00+07:00,16.899999618530273,16.899999618530273,16.700000762939453,16.700000762939453,22801,0,0,AHC
2022-12-14 00:00:00+07:00,6.0,6.0,5.949999809265137,5.949999809265137,22317,0,0,AI
2022-12-14 00:00:00+07:00,2.700000047683716,2.700000047683716,2.680000066757202,2.680000066757202,478633,0,0,AIE
2022-12-14 00:00:00+07:00,5.300000190734863,5.300000190734863,5.25,5.25,22026,0,0,AIMCG
2022-12-14 00:00:00+07:00,12.0,12.100000381469727,11.899999618530273,12.0,36300,0,0,AIMIRT
2022-12-14 00:00:00+07:00,6.349999904632568,6.400000095367432,6.300000190734863,6.400000095367432,625626,0,0,AIT
2022-12-14 00:00:00+07:00,12.199999809265137,12.5,12.199999809265137,12.399999618530273,63000,0,0,AJ
2022-12-14 00:00:00+07:00,0.20999999344348907,0.20999999344348907,0.20000000298023224,0.20999999344348907,1274490,0,0,AJA
2022-12-14 00:00:00+07:00,0.8899999856948853,0.8899999856948853,0.8799999952316284,0.8799999952316284,1419511,0,0,AKR
2022-12-14 00:00:00+07:00,1.3899999856948853,1.399999976158142,1.3899999856948853,1.3899999856948853,45620,0,0,ALLA
2022-12-14 00:00:00+07:00,7.199999809265137,7.25,7.199999809265137,7.199999809265137,149921,0,0,ALLY
2022-12-14 00:00:00+07:00,2.4000000953674316,2.4000000953674316,2.380000114440918,2.380000114440918,201500,0,0,ALT
2022-12-14 00:00:00+07:00,184.0,184.0,182.0,182.0,1000,0,0,ALUCON
2022-12-14 00:00:00+07:00,3.799999952316284,3.8399999141693115,3.7799999713897705,3.819999933242798,2097010,0,0,AMANAH
2022-12-14 00:00:00+07:00,6.599999904632568,6.599999904632568,6.5,6.550000190734863,27704,0,0,AMARIN
2022-12-14 00:00:00+07:00,20.100000381469727,20.799999237060547,20.100000381469727,20.700000762939453,13429874,0,0,AMATA
2022-12-14 00:00:00+07:00,6.650000095367432,6.650000095367432,6.550000190734863,6.599999904632568,63810,0,0,AMATAR
2022-12-14 00:00:00+07:00,7.199999809265137,7.199999809265137,7.150000095367432,7.199999809265137,23002,0,0,AMATAV
2022-12-14 00:00:00+07:00,2.859999895095825,2.859999895095825,2.8399999141693115,2.859999895095825,96114,0,0,AMC
2022-12-14 00:00:00+07:00,4.099999904632568,4.099999904632568,4.059999942779541,4.059999942779541,77406,0,0,AMR
2022-12-14 00:00:00+07:00,1.3600000143051147,1.399999976158142,1.3600000143051147,1.3799999952316284,17087541,0,0,ANAN
2022-12-14 00:00:00+07:00,74.0,74.25,73.5,74.25,8507644,0,0,AOT
2022-12-14 00:00:00+07:00,11.0,11.300000190734863,10.899999618530273,11.300000190734863,16013607,0,0,AP
2022-12-14 00:00:00+07:00,4.800000190734863,4.800000190734863,4.78000020980835,4.800000190734863,48500,0,0,APCO
2022-12-14 00:00:00+07:00,4.900000095367432,4.960000038146973,4.860000133514404,4.860000133514404,24800,0,0,APCS
2022-12-14 00:00:00+07:00,5.050000190734863,5.050000190734863,5.0,5.0,359020,0,0,APURE
2022-12-14 00:00:00+07:00,0.019999999552965164,0.029999999329447746,0.009999999776482582,0.019999999552965164,45483101,0,0,AQ
2022-12-14 00:00:00+07:00,0.6499999761581421,0.6600000262260437,0.6399999856948853,0.6499999761581421,35871769,0,0,AQUA
2022-12-14 00:00:00+07:00,16.799999237060547,16.799999237060547,16.399999618530273,16.5,728558,0,0,AS
2022-12-14 00:00:00+07:00,3.1600000858306885,3.200000047683716,3.119999885559082,3.140000104904175,248644,0,0,ASAP
2022-12-14 00:00:00+07:00,3.619999885559082,3.619999885559082,3.5,3.5199999809265137,569906,0,0,ASEFA
2022-12-14 00:00:00+07:00,7.400000095367432,7.400000095367432,7.400000095367432,7.400000095367432,2000,0,0,ASIA
2022-12-14 00:00:00+07:00,14.800000190734863,14.800000190734863,14.100000381469727,14.300000190734863,9722786,0,0,ASIAN
2022-12-14 00:00:00+07:00,1.8600000143051147,1.8799999952316284,1.8600000143051147,1.8799999952316284,86705,0,0,ASIMAR
2022-12-14 00:00:00+07:00,37.0,38.0,37.0,37.5,850554,0,0,ASK
2022-12-14 00:00:00+07:00,3.0,3.0,2.9800000190734863,3.0,2597719,0,0,ASP
2022-12-14 00:00:00+07:00,7.449999809265137,7.550000190734863,7.449999809265137,7.449999809265137,495328,0,0,ASW
2022-12-14 00:00:00+07:00,16.200000762939453,16.399999618530273,16.0,16.200000762939453,10636364,0,0,AURA
2022-12-14 00:00:00+07:00,6.25,6.300000190734863,6.150000095367432,6.300000190734863,23364782,0,0,AWC
2022-12-14 00:00:00+07:00,41.0,41.25,40.5,41.25,8100,0,0,AYUD
2022-12-14 00:00:00+07:00,0.4000000059604645,0.4000000059604645,0.38999998569488525,0.4000000059604645,1282946,0,0,B
2022-12-13 00:00:00-05:00,9.850000381469727,9.899999618530273,9.850000381469727,9.850000381469727,39700,0,0,B-WORK
2022-12-14 00:00:00+07:00,2.240000009536743,2.319999933242798,2.2200000286102295,2.319999933242798,75550,0,0,B52
2022-12-14 00:00:00+07:00,13.199999809265137,13.199999809265137,12.899999618530273,13.0,362369,0,0,BA
2022-12-14 00:00:00+07:00,30.5,30.75,30.25,30.5,191907,0,0,BAFS
2022-12-14 00:00:00+07:00,16.0,16.299999237060547,15.899999618530273,16.0,21285576,0,0,BAM
2022-12-14 00:00:00+07:00,13.600000381469727,13.800000190734863,13.600000381469727,13.800000190734863,32819609,0,0,BANPU
2022-12-14 00:00:00+07:00,10.300000190734863,10.399999618530273,10.199999809265137,10.300000190734863,1839427,0,0,BAREIT
2022-12-14 00:00:00+07:00,30.5,30.5,30.25,30.5,323175,0,0,BAY
2022-12-14 00:00:00+07:00,6.349999904632568,6.400000095367432,6.25,6.300000190734863,376634,0,0,BBGI
2022-12-14 00:00:00+07:00,144.5,144.5,143.5,144.0,2984519,0,0,BBL
2022-12-14 00:00:00+07:00,20.0,20.100000381469727,19.899999618530273,20.0,2126489,0,0,BCH
2022-12-14 00:00:00+07:00,31.5,31.75,31.25,31.5,2423410,0,0,BCP
2022-12-14 00:00:00+07:00,10.199999809265137,10.199999809265137,10.0,10.100000381469727,2470581,0,0,BCPG
2022-12-14 00:00:00+07:00,59.75,59.75,59.0,59.75,8200,0,0,BCT
2022-12-14 00:00:00+07:00,28.0,28.25,27.75,28.0,66100783,0,0,BDMS
2022-12-14 00:00:00+07:00,1.2599999904632568,1.2799999713897705,1.2599999904632568,1.2799999713897705,2188049,0,0,BEAUTY
2022-12-14 00:00:00+07:00,11.0,11.100000381469727,10.800000190734863,10.899999618530273,4338778,0,0,BEC
2022-12-14 00:00:00+07:00,9.649999618530273,9.649999618530273,9.550000190734863,9.600000381469727,48935871,0,0,BEM
2022-12-14 00:00:00+07:00,11.899999618530273,11.899999618530273,11.699999809265137,11.699999809265137,26500,0,0,BEYOND
2022-12-14 00:00:00+07:00,10.0,10.100000381469727,10.0,10.0,190631,0,0,BGC
2022-12-14 00:00:00+07:00,38.0,38.5,37.75,38.25,1721664,0,0,BGRIM
2022-12-14 00:00:00+07:00,206.0,212.0,205.0,210.0,2104763,0,0,BH
2022-12-14 00:00:00+07:00,0.7200000286102295,0.7300000190734863,0.7200000286102295,0.7300000190734863,423640,0,0,BIG
2022-12-14 00:00:00+07:00,0.6100000143051147,0.7300000190734863,0.6100000143051147,0.7200000286102295,62443077,0,0,BIOTEC
2022-12-14 00:00:00+07:00,4.300000190734863,4.300000190734863,4.28000020980835,4.300000190734863,82800,0,0,BIZ
2022-12-14 00:00:00+07:00,34.25,35.0,34.0,34.75,2453512,0,0,BJC
2022-12-14 00:00:00+07:00,1.7400000095367432,1.7599999904632568,1.7400000095367432,1.75,480804,0,0,BJCHI
2022-12-14 00:00:00+07:00,2.319999933242798,2.3399999141693115,2.299999952316284,2.3399999141693115,41900,0,0,BKD
2022-12-14 00:00:00+07:00,276.0,276.0,275.0,276.0,22603,0,0,BKI
2022-12-14 00:00:00+07:00,10.399999618530273,10.399999618530273,10.300000190734863,10.300000190734863,7300,0,0,BKKCP
2022-12-14 00:00:00+07:00,30.0,30.0,29.75,30.0,326411,0,0,BLA
2022-12-14 00:00:00+07:00,1.0700000524520874,1.0700000524520874,1.0499999523162842,1.059999942779541,6531338,0,0,BLAND
2022-12-14 00:00:00+07:00,7.800000190734863,7.800000190734863,7.800000190734863,7.800000190734863,42400,0,0,BOFFICE
2022-12-14 00:00:00+07:00,15.699999809265137,15.800000190734863,15.600000381469727,15.800000190734863,290791,0,0,BPP
2022-12-14 00:00:00+07:00,2.9600000381469727,2.9600000381469727,2.9000000953674316,2.9200000762939453,1356600,0,0,BR
2022-12-14 00:00:00+07:00,10.899999618530273,11.0,10.800000190734863,11.0,1543378,0,0,BRI
2022-12-14 00:00:00+07:00,1.6200000047683716,1.6299999952316284,1.600000023841858,1.600000023841858,33750,0,0,BROCK
2022-12-14 00:00:00+07:00,7.150000095367432,7.400000095367432,7.150000095367432,7.349999904632568,2628516,0,0,BRR
2022-12-14 00:00:00+07:00,4.820000171661377,4.820000171661377,4.800000190734863,4.800000190734863,81609,0,0,BRRGIF
2022-12-14 00:00:00+07:00,0.9399999976158142,0.9399999976158142,0.9300000071525574,0.9300000071525574,33900,0,0,BSBM
2022-12-14 00:00:00+07:00,35.0,35.5,35.0,35.25,4906553,0,0,BTG
2022-12-14 00:00:00+07:00,13.699999809265137,13.699999809265137,13.699999809265137,13.699999809265137,200,0,0,BTNC
2022-12-14 00:00:00+07:00,8.350000381469727,8.399999618530273,8.25,8.300000190734863,14935257,0,0,BTS
2022-12-14 00:00:00+07:00,3.940000057220459,3.9600000381469727,3.940000057220459,3.9200000762939453,3013960,0,0,BTSGIF
2022-12-14 00:00:00+07:00,17.899999618530273,17.899999618530273,17.5,17.5,4800,0,0,BUI
2022-12-14 00:00:00+07:00,0.7699999809265137,0.7900000214576721,0.7599999904632568,0.7699999809265137,23650651,0,0,BWG
2022-12-14 00:00:00+07:00,13.0,13.600000381469727,13.0,13.600000381469727,8847206,0,0,BYD
2022-12-14 00:00:00+07:00,96.0,97.0,95.5,96.75,2637682,0,0,CBG
2022-12-14 00:00:00+07:00,2.3399999141693115,2.359999895095825,2.3399999141693115,2.3399999141693115,518833,0,0,CCET
2022-12-14 00:00:00+07:00,0.41999998688697815,0.41999998688697815,0.4099999964237213,0.4099999964237213,97385,0,0,CCP
2022-12-14 00:00:00+07:00,2.799999952316284,2.819999933242798,2.7799999713897705,2.819999933242798,9001,0,0,CEN
2022-12-14 00:00:00+07:00,48.5,49.25,48.5,48.75,2216982,0,0,CENTEL
2022-12-14 00:00:00+07:00,2.5999999046325684,2.619999885559082,2.380000114440918,2.4200000762939453,6700395,0,0,CFRESH
2022-12-14 00:00:00+07:00,0.44999998807907104,0.46000000834465027,0.44999998807907104,0.44999998807907104,2263200,0,0,CGD
2022-12-14 00:00:00+07:00,0.6499999761581421,0.6700000166893005,0.6499999761581421,0.6600000262260437,4887598,0,0,CGH
2022-12-14 00:00:00+07:00,4.119999885559082,4.139999866485596,4.119999885559082,4.119999885559082,923033,0,0,CH
2022-12-14 00:00:00+07:00,8.149999618530273,8.149999618530273,8.050000190734863,8.100000381469727,595157,0,0,CHAYO
2022-12-14 00:00:00+07:00,3.619999885559082,3.619999885559082,3.5799999237060547,3.5999999046325684,8058902,0,0,CHG
2022-12-14 00:00:00+07:00,164.5,165.0,164.0,164.0,1202,0,0,CHOTI
2022-12-14 00:00:00+07:00,0.7699999809265137,0.7900000214576721,0.7699999809265137,0.7699999809265137,266372,0,0,CI
2022-12-14 00:00:00+07:00,0.8199999928474426,0.8299999833106995,0.8199999928474426,0.8199999928474426,130176,0,0,CIMBT
2022-12-14 00:00:00+07:00,2.0999999046325684,2.0999999046325684,2.0999999046325684,2.0999999046325684,100,0,0,CITY
2022-12-14 00:00:00+07:00,2.9600000381469727,2.9800000190734863,2.940000057220459,2.9600000381469727,339300,0,0,CIVIL
2022-12-14 00:00:00+07:00,24.299999237060547,24.299999237060547,24.100000381469727,24.200000762939453,2572815,0,0,CK
2022-12-14 00:00:00+07:00,4.699999809265137,4.71999979019165,4.659999847412109,4.71999979019165,5038626,0,0,CKP
2022-12-14 00:00:00+07:00,2.619999885559082,2.640000104904175,2.5999999046325684,2.619999885559082,17750,0,0,CM
2022-12-14 00:00:00+07:00,2.0,2.0199999809265137,1.9700000286102295,1.9800000190734863,126700,0,0,CMAN
2022-12-14 00:00:00+07:00,1.4600000381469727,1.4700000286102295,1.4500000476837158,1.4700000286102295,61600,0,0,CMC
2022-12-14 00:00:00+07:00,2.680000066757202,2.700000047683716,2.6600000858306885,2.680000066757202,133401,0,0,CMR
2022-12-14 00:00:00+07:00,1.5199999809265137,1.5499999523162842,1.5099999904632568,1.5099999904632568,86800,0,0,CNT
2022-12-14 00:00:00+07:00,32.5,33.0,32.5,33.0,1929429,0,0,COM7
2022-12-14 00:00:00+07:00,2.0799999237060547,2.0999999046325684,2.059999942779541,2.0799999237060547,2006200,0,0,COTTO
2022-12-14 00:00:00+07:00,65.25,66.0,65.0,65.75,13951964,0,0,CPALL
2022-12-14 00:00:00+07:00,23.799999237060547,23.899999618530273,23.600000381469727,23.899999618530273,14185823,0,0,CPF
2022-12-14 00:00:00+07:00,33.25,35.0,33.0,33.5,562559,0,0,CPH
2022-12-14 00:00:00+07:00,3.0,3.0199999809265137,2.9800000190734863,3.0,196829,0,0,CPI
2022-12-14 00:00:00+07:00,2.319999933242798,2.380000114440918,2.2799999713897705,2.3399999141693115,267101,0,0,CPL
2022-12-14 00:00:00+07:00,71.0,71.5,70.25,70.75,6939259,0,0,CPN
2022-12-14 00:00:00+07:00,11.399999618530273,11.399999618530273,11.300000190734863,11.300000190734863,46000,0,0,CPNCG
2022-12-14 00:00:00+07:00,18.899999618530273,19.100000381469727,18.899999618530273,19.0,1248593,0,0,CPNREIT
2022-12-14 00:00:00+07:00,0.7200000286102295,0.7200000286102295,0.699999988079071,0.7099999785423279,420100,0,0,CPT
2022-12-14 00:00:00+07:00,7.150000095367432,7.199999809265137,7.150000095367432,7.199999809265137,8000,0,0,CPTGF
2022-12-14 00:00:00+07:00,3.9800000190734863,4.0,3.9800000190734863,4.0,75000,0,0,CPW
2022-12-14 00:00:00+07:00,1.3799999952316284,1.5499999523162842,1.3799999952316284,1.5399999618530273,21668263,0,0,CRANE
2022-12-14 00:00:00+07:00,43.75,44.0,43.25,44.0,4384203,0,0,CRC
2022-12-14 00:00:00+07:00,48.75,48.75,48.5,48.5,6601,0,0,CSC
2022-12-14 00:00:00+07:00,1.1699999570846558,1.1699999570846558,1.159999966621399,1.1699999570846558,23901,0,0,CSP
2022-12-14 00:00:00+07:00,66.0,66.75,66.0,66.75,500,0,0,CSR
2022-12-14 00:00:00+07:00,1.4500000476837158,1.4600000381469727,1.440000057220459,1.4500000476837158,359500,0,0,CSS
2022-12-14 00:00:00+07:00,5.150000095367432,5.199999809265137,5.150000095367432,5.199999809265137,22600,0,0,CTARAF
2022-12-14 00:00:00+07:00,5.949999809265137,5.949999809265137,5.949999809265137,5.949999809265137,35100,0,0,CTW
2022-12-14 00:00:00+07:00,1.7200000286102295,1.7599999904632568,1.7100000381469727,1.7200000286102295,3015521,0,0,CV
2022-12-14 00:00:00+07:00,2.5799999237060547,2.5799999237060547,2.559999942779541,2.559999942779541,392249,0,0,CWT
2022-12-14 00:00:00+07:00,2.799999952316284,2.819999933242798,2.799999952316284,2.799999952316284,7226397,0,0,DCC
2022-12-14 00:00:00+07:00,0.41999998688697815,0.4300000071525574,0.38999998569488525,0.4099999964237213,16758016,0,0,DCON
2022-12-14 00:00:00+07:00,15.199999809265137,15.199999809265137,15.100000381469727,15.100000381469727,71103,0,0,DDD
2022-12-14 00:00:00+07:00,710.0,746.0,706.0,718.0,3770193,0,0,DELTA
2022-12-14 00:00:00+07:00,5.900000095367432,6.099999904632568,5.75,5.800000190734863,3089515,0,0,DEMCO
2022-12-14 00:00:00+07:00,13.199999809265137,13.300000190734863,13.100000381469727,13.199999809265137,6209079,0,0,DIF
2022-12-14 00:00:00+07:00,10.600000381469727,10.699999809265137,10.600000381469727,10.600000381469727,77922,0,0,DMT
2022-12-14 00:00:00+07:00,14.399999618530273,14.5,14.300000190734863,14.399999618530273,3919312,0,0,DOHOME
2022-12-14 00:00:00+07:00,6.199999809265137,6.199999809265137,6.199999809265137,6.199999809265137,10000,0,0,DREIT
2022-12-14 00:00:00+07:00,7.900000095367432,7.949999809265137,7.849999904632568,7.900000095367432,174261,0,0,DRT
2022-12-14 00:00:00+07:00,43.0,43.5,42.5,42.5,3914238,0,0,DTAC
2022-12-14 00:00:00+07:00,11.399999618530273,11.800000190734863,11.300000190734863,11.399999618530273,572534,0,0,DUSIT
2022-12-14 00:00:00+07:00,96.25,96.75,96.0,96.25,3311780,0,0,EA
2022-12-14 00:00:00+07:00,1.2699999809265137,1.2899999618530273,1.2599999904632568,1.2699999809265137,213701,0,0,EASON
2022-12-14 00:00:00+07:00,5.25,5.300000190734863,5.199999809265137,5.25,373301,0,0,EASTW
2022-12-14 00:00:00+07:00,2.0,2.0,1.9900000095367432,2.0,1393600,0,0,ECL
2022-12-14 00:00:00+07:00,0.6299999952316284,0.6399999856948853,0.6299999952316284,0.6299999952316284,1098100,0,0,EE
2022-12-14 00:00:00+07:00,6.550000190734863,6.599999904632568,6.550000190734863,6.550000190734863,1770700,0,0,EGATIF
2022-12-14 00:00:00+07:00,169.5,171.5,169.5,170.5,481545,0,0,EGCO
2022-12-14 00:00:00+07:00,8.449999809265137,8.449999809265137,8.300000190734863,8.350000381469727,2771806,0,0,EKH
2022-12-14 00:00:00+07:00,0.14000000059604645,0.15000000596046448,0.14000000059604645,0.15000000596046448,760600,0,0,EMC
2022-12-14 00:00:00+07:00,4.260000228881836,4.300000190734863,4.260000228881836,4.28000020980835,217409,0,0,EP
2022-12-14 00:00:00+07:00,9.850000381469727,9.949999809265137,9.800000190734863,9.850000381469727,2188348,0,0,EPG
2022-12-14 00:00:00+07:00,4.519999980926514,4.519999980926514,4.480000019073486,4.5,2295599,0,0,ERW
2022-12-14 00:00:00+07:00,4.099999904632568,4.099999904632568,4.079999923706055,4.099999904632568,120100,0,0,ERWPF
2022-12-14 00:00:00+07:00,11.800000190734863,12.199999809265137,11.800000190734863,11.899999618530273,23173235,0,0,ESSO
2022-12-14 00:00:00+07:00,0.3499999940395355,0.36000001430511475,0.3499999940395355,0.3499999940395355,1485100,0,0,ESTAR
2022-12-14 00:00:00+07:00,3.9600000381469727,4.059999942779541,3.9600000381469727,4.0,15139105,0,0,ETC
2022-12-14 00:00:00+07:00,0.25999999046325684,0.25999999046325684,0.25,0.25999999046325684,1242207,0,0,EVER
2022-12-13 00:00:00+07:00,32.0,32.5,31.75,32.75,2800,0,0,F&D
2022-12-14 00:00:00+07:00,0.6899999976158142,0.699999988079071,0.6899999976158142,0.6899999976158142,166100,0,0,FANCY
2022-12-13 00:00:00+07:00,171.0,171.0,171.0,171.0,100,0,0,FE
2022-12-14 00:00:00+07:00,31.5,31.5,31.5,31.5,500,0,0,FMT
2022-12-14 00:00:00+07:00,1.9800000190734863,1.9800000190734863,1.9600000381469727,1.9600000381469727,108000,0,0,FN
2022-12-14 00:00:00+07:00,3.359999895095825,3.4000000953674316,3.359999895095825,3.380000114440918,31900,0,0,FNS
2022-12-14 00:00:00+07:00,34.0,34.5,33.75,33.75,717300,0,0,FORTH
2022-12-14 00:00:00+07:00,15.100000381469727,15.199999809265137,15.100000381469727,15.100000381469727,10905,0,0,FPT
2022-12-14 00:00:00+07:00,3.4000000953674316,3.4200000762939453,3.359999895095825,3.380000114440918,107985,0,0,FSS
2022-12-14 00:00:00+07:00,1.409999966621399,1.4199999570846558,1.3899999856948853,1.409999966621399,61903,0,0,FTE
2022-12-14 00:00:00+07:00,2.0999999046325684,2.119999885559082,2.0799999237060547,2.0799999237060547,88803,0,0,FTI
2022-12-14 00:00:00+07:00,9.850000381469727,9.949999809265137,9.850000381469727,9.949999809265137,331944,0,0,FTREIT
2022-12-14 00:00:00+07:00,14.300000190734863,14.399999618530273,14.300000190734863,14.300000190734863,146905,0,0,FUTUREPF
2022-12-14 00:00:00+07:00,8.100000381469727,8.100000381469727,8.050000190734863,8.050000190734863,5300,0,0,GAHREIT
2022-12-14 00:00:00+07:00,0.8500000238418579,0.8600000143051147,0.8399999737739563,0.8500000238418579,130600,0,0,GBX
2022-12-14 00:00:00+07:00,5.400000095367432,5.5,5.400000095367432,5.449999809265137,3018,0,0,GC
2022-12-14 00:00:00+07:00,0.23000000417232513,0.23999999463558197,0.23000000417232513,0.23999999463558197,19119103,0,0,GEL
2022-12-14 00:00:00+07:00,0.5899999737739563,0.6000000238418579,0.5899999737739563,0.6000000238418579,565300,0,0,GENCO
2022-12-14 00:00:00+07:00,13.100000381469727,13.100000381469727,12.800000190734863,12.899999618530273,4970495,0,0,GFPT
2022-12-14 00:00:00+07:00,14.899999618530273,14.899999618530273,14.800000190734863,14.899999618530273,35902,0,0,GGC
2022-12-14 00:00:00+07:00,5.75,5.849999904632568,5.650000095367432,5.800000190734863,365001,0,0,GIFT
2022-12-14 00:00:00+07:00,0.3400000035762787,0.3499999940395355,0.3400000035762787,0.3499999940395355,1176302,0,0,GJS
2022-12-14 00:00:00+07:00,2.180000066757202,2.2200000286102295,2.180000066757202,2.2200000286102295,2500,0,0,GLAND
2022-12-14 00:00:00+07:00,19.799999237060547,20.100000381469727,19.799999237060547,20.100000381469727,6453655,0,0,GLOBAL
2022-12-14 00:00:00+07:00,0.6399999856948853,0.6499999761581421,0.6000000238418579,0.6100000143051147,27879032,0,0,GLOCON
2022-12-14 00:00:00+07:00,1.690000057220459,1.7000000476837158,1.690000057220459,1.7000000476837158,67400,0,0,GPI
2022-12-14 00:00:00+07:00,70.0,70.5,70.0,70.25,1341602,0,0,GPSC
2022-12-14 00:00:00+07:00,10.300000190734863,10.5,10.300000190734863,10.5,3604,0,0,GRAMMY
2022-12-14 00:00:00+07:00,0.2199999988079071,0.23000000417232513,0.2199999988079071,0.2199999988079071,1366400,0,0,GRAND
2022-12-14 00:00:00+07:00,1.1100000143051147,1.1399999856948853,1.1100000143051147,1.1299999952316284,201100,0,0,GREEN
2022-12-14 00:00:00+07:00,9.699999809265137,9.75,9.699999809265137,9.75,9200,0,0,GROREIT
2022-12-14 00:00:00+07:00,53.75,54.25,53.75,53.75,4129444,0,0,GULF
2022-12-14 00:00:00+07:00,5.449999809265137,5.5,5.400000095367432,5.400000095367432,15949828,0,0,GUNKUL
2022-12-14 00:00:00+07:00,8.949999809265137,9.050000190734863,8.949999809265137,9.0,348200,0,0,GVREIT
2022-12-14 00:00:00+07:00,53.25,54.0,52.75,53.25,11822997,0,0,HANA
2022-12-14 00:00:00+07:00,3.0199999809265137,3.0799999237060547,3.0,3.0399999618530273,7164517,0,0,HENG
2022-12-14 00:00:00+07:00,6.5,6.599999904632568,6.449999809265137,6.550000190734863,170721,0,0,HFT
2022-12-14 00:00:00+07:00,14.800000190734863,15.0,14.699999809265137,14.899999618530273,15417734,0,0,HMPRO
2022-12-14 00:00:00+07:00,4.699999809265137,4.699999809265137,4.659999847412109,4.699999809265137,22000,0,0,HPF
2022-12-14 00:00:00+07:00,28.25,28.5,28.25,28.25,129613,0,0,HTC
2022-12-14 00:00:00+07:00,4.039999961853027,4.039999961853027,4.0,4.019999980926514,42300,0,0,HTECH
2022-12-14 00:00:00+07:00,11.100000381469727,11.300000190734863,11.100000381469727,11.100000381469727,394104,0,0,HUMAN
2022-12-14 00:00:00+07:00,12.0,12.199999809265137,11.899999618530273,12.100000381469727,3700087,0,0,ICHI
2022-12-14 00:00:00+07:00,2.940000057220459,2.940000057220459,2.9200000762939453,2.940000057220459,140001,0,0,IFS
2022-12-14 00:00:00+07:00,3.299999952316284,3.299999952316284,3.2799999713897705,3.299999952316284,20300,0,0,IHL
2022-12-14 00:00:00+07:00,13.300000190734863,13.300000190734863,13.100000381469727,13.100000381469727,468853,0,0,III
2022-12-14 00:00:00+07:00,6.949999809265137,7.050000190734863,6.900000095367432,6.949999809265137,1491814,0,0,ILINK
2022-12-14 00:00:00+07:00,19.399999618530273,19.5,19.0,19.399999618530273,707621,0,0,ILM
2022-12-14 00:00:00+07:00,12.300000190734863,12.399999618530273,12.199999809265137,12.300000190734863,683176,0,0,IMPACT
2022-12-14 00:00:00+07:00,5.5,5.550000190734863,5.400000095367432,5.400000095367432,1412911,0,0,INET
2022-12-14 00:00:00+07:00,11.199999809265137,11.199999809265137,11.199999809265137,11.199999809265137,16600,0,0,INETREIT
2022-12-14 00:00:00+07:00,0.5600000023841858,0.5699999928474426,0.550000011920929,0.5699999928474426,720600,0,0,INGRS
2022-12-14 00:00:00+07:00,1.0,1.0099999904632568,0.9900000095367432,1.0,3277201,0,0,INOX
2022-12-14 00:00:00+07:00,3.4200000762939453,3.5199999809265137,3.4200000762939453,3.440000057220459,3928000,0,0,INSET
2022-12-13 00:00:00+07:00,220.0,220.0,220.0,220.0,5,0,0,INSURE
2022-12-14 00:00:00+07:00,75.0,76.0,74.25,75.25,2129253,0,0,INTUCH
2022-12-14 00:00:00+07:00,14.199999809265137,14.199999809265137,14.100000381469727,14.199999809265137,12100,0,0,IRC
2022-12-14 00:00:00+07:00,2.9800000190734863,3.0,2.9600000381469727,2.9600000381469727,54818030,0,0,IRPC
2022-12-14 00:00:00+07:00,4.840000152587891,4.840000152587891,4.78000020980835,4.820000171661377,121400,0,0,IT
2022-12-14 00:00:00+07:00,1.8899999856948853,1.909999966621399,1.8799999952316284,1.8799999952316284,14533204,0,0,ITD
2022-12-14 00:00:00+07:00,3.819999933242798,3.880000114440918,3.819999933242798,3.8399999141693115,1379910,0,0,ITEL
2022-12-14 00:00:00+07:00,40.5,40.75,40.25,40.75,2824770,0,0,IVL
2022-12-14 00:00:00+07:00,3.7799999713897705,3.880000114440918,3.759999990463257,3.8399999141693115,400540,0,0,J
2022-12-14 00:00:00+07:00,2.299999952316284,2.319999933242798,2.2799999713897705,2.299999952316284,6471161,0,0,JAS
2022-12-14 00:00:00+07:00,8.050000190734863,8.100000381469727,8.050000190734863,8.100000381469727,863710,0,0,JASIF
2022-12-14 00:00:00+07:00,0.30000001192092896,0.30000001192092896,0.30000001192092896,0.3100000023841858,1510232,0,0,JCK
2022-12-14 00:00:00+07:00,80.25,80.25,80.25,80.25,100,0,0,JCT
2022-12-14 00:00:00+07:00,3.140000104904175,3.140000104904175,3.0799999237060547,3.140000104904175,1709396,0,0,JDF
2022-12-14 00:00:00+07:00,4.139999866485596,4.139999866485596,4.099999904632568,4.119999885559082,3326012,0,0,JKN
2022-12-14 00:00:00+07:00,42.25,42.5,42.0,42.25,1350356,0,0,JMART
2022-12-14 00:00:00+07:00,68.75,69.75,68.75,69.25,1779015,0,0,JMT
2022-12-14 00:00:00+07:00,7.25,7.25,7.150000095367432,7.199999809265137,654011,0,0,JR
2022-12-14 00:00:00+07:00,34.5,34.75,33.5,33.75,381875,0,0,JTS
2022-12-14 00:00:00+07:00,21.5,21.899999618530273,21.399999618530273,21.799999237060547,3370070,0,0,JWD
2022-12-14 00:00:00+07:00,7.699999809265137,8.199999809265137,7.650000095367432,8.100000381469727,8395883,0,0,KAMART
2022-12-14 00:00:00+07:00,144.0,144.0,142.5,142.5,4539792,0,0,KBANK
2022-12-14 00:00:00+07:00,4.619999885559082,4.639999866485596,4.579999923706055,4.599999904632568,110200,0,0,KBS
2022-12-14 00:00:00+07:00,11.199999809265137,11.300000190734863,11.199999809265137,11.199999809265137,74900,0,0,KBSPIF
2022-12-14 00:00:00+07:00,0.20000000298023224,0.20000000298023224,0.1899999976158142,0.1899999976158142,2384631,0,0,KC
2022-12-14 00:00:00+07:00,8.5,8.5,8.399999618530273,8.449999809265137,13200,0,0,KCAR
2022-12-14 00:00:00+07:00,49.75,50.5,49.75,50.0,5736199,0,0,KCE
2022-12-14 00:00:00+07:00,94.75,94.75,94.75,94.75,100,0,0,KDH
2022-12-14 00:00:00+07:00,19.200000762939453,20.700000762939453,18.799999237060547,19.899999618530273,11277209,0,0,KEX
2022-12-14 00:00:00+07:00,4.840000152587891,4.880000114440918,4.840000152587891,4.860000133514404,523196,0,0,KGI
2022-12-14 00:00:00+07:00,0.4699999988079071,0.47999998927116394,0.4699999988079071,0.4699999988079071,1403017,0,0,KIAT
2022-12-14 00:00:00+07:00,8.899999618530273,8.899999618530273,8.75,8.850000381469727,1068263,0,0,KISS
2022-12-14 00:00:00+07:00,0.33000001311302185,0.33000001311302185,0.33000001311302185,0.33000001311302185,500,0,0,KKC
2022-12-14 00:00:00+07:00,71.0,70.5,70.25,71.0,2226805,0,0,KKP
2022-12-14 00:00:00+07:00,3.6600000858306885,3.700000047683716,3.640000104904175,3.6600000858306885,981800,0,0,KSL
2022-12-14 00:00:00+07:00,17.700000762939453,17.799999237060547,17.600000381469727,17.799999237060547,12280582,0,0,KTB
2022-12-14 00:00:00+07:00,8.949999809265137,8.949999809265137,8.949999809265137,8.949999809265137,1700,0,0,KTBSTMR
2022-12-14 00:00:00+07:00,59.75,60.25,59.75,60.0,10717524,0,0,KTC
2022-12-14 00:00:00+07:00,3.5,3.5,3.4000000953674316,3.4600000381469727,168200,0,0,KTIS
2022-12-13 00:00:00+07:00,245.0,248.0,248.0,245.0,19,0,0,KWC
2022-12-14 00:00:00+07:00,2.5999999046325684,2.680000066757202,2.5799999237060547,2.5999999046325684,879150,0,0,KWI
2022-12-14 00:00:00+07:00,318.0,318.0,318.0,318.0,100,0,0,KYE
2022-12-14 00:00:00+07:00,2.0399999618530273,2.0399999618530273,2.0,2.0199999809265137,101200,0,0,L&E
2022-12-14 00:00:00+07:00,8.800000190734863,8.800000190734863,8.649999618530273,8.699999809265137,517000,0,0,LALIN
2022-12-14 00:00:00+07:00,18.100000381469727,18.5,18.100000381469727,18.399999618530273,1899199,0,0,LANNA
2022-12-14 00:00:00+07:00,2.440000057220459,2.4600000381469727,2.4200000762939453,2.4200000762939453,21202,0,0,LEE
2022-12-14 00:00:00+07:00,9.649999618530273,9.699999809265137,9.550000190734863,9.649999618530273,22958093,0,0,LH
2022-12-14 00:00:00+07:00,1.190000057220459,1.2100000381469727,1.190000057220459,1.190000057220459,7491014,0,0,LHFG
2022-12-14 00:00:00+07:00,11.5,11.600000381469727,11.399999618530273,11.5,299101,0,0,LHHOTEL
2022-12-14 00:00:00+07:00,4.860000133514404,4.880000114440918,4.840000152587891,4.840000152587891,324451,0,0,LHK
2022-12-14 00:00:00+07:00,5.949999809265137,5.949999809265137,5.949999809265137,5.949999809265137,1200,0,0,LHPF
2022-12-14 00:00:00+07:00,10.100000381469727,10.100000381469727,10.100000381469727,10.100000381469727,35601,0,0,LHSC
2022-12-14 00:00:00+07:00,2.140000104904175,2.140000104904175,2.119999885559082,2.119999885559082,78600,0,0,LOXLEY
2022-12-14 00:00:00+07:00,12.5,12.600000381469727,12.5,12.600000381469727,1614411,0,0,LPF
2022-12-14 00:00:00+07:00,5.650000095367432,5.650000095367432,5.599999904632568,5.599999904632568,93904,0,0,LPH
2022-12-14 00:00:00+07:00,4.599999904632568,4.599999904632568,4.559999942779541,4.579999923706055,1017170,0,0,LPN
2022-12-14 00:00:00+07:00,32.0,32.25,32.0,32.25,1500,0,0,LRH
2022-12-14 00:00:00+07:00,4.980000019073486,5.0,4.980000019073486,5.0,41900,0,0,LST
2022-12-14 00:00:00+07:00,7.650000095367432,7.699999809265137,7.550000190734863,7.699999809265137,2000,0,0,LUXF
2022-12-14 00:00:00+07:00,57.75,57.75,57.25,57.5,266916,0,0,M
2022-12-14 00:00:00+07:00,310.0,311.0,309.0,309.0,5602,0,0,M-CHAI
2022-12-14 00:00:00+07:00,7.300000190734863,7.349999904632568,7.300000190734863,7.300000190734863,5200,0,0,M-II
2022-12-14 00:00:00+07:00,0.5,0.5,0.49000000953674316,0.49000000953674316,1626001,0,0,MACO
2022-12-14 00:00:00+07:00,19.799999237060547,19.899999618530273,19.600000381469727,19.700000762939453,3711595,0,0,MAJOR
2022-12-14 00:00:00+07:00,38.5,38.75,38.0,38.5,3424911,0,0,MAKRO
2022-12-14 00:00:00+07:00,5.550000190734863,5.550000190734863,5.449999809265137,5.5,13808,0,0,MALEE
2022-12-14 00:00:00+07:00,25.0,25.0,25.0,25.0,1000,0,0,MANRIN
2022-12-14 00:00:00+07:00,1.9800000190734863,2.0199999809265137,1.9800000190734863,2.0,13600,0,0,MATCH
2022-12-13 00:00:00+07:00,7.800000190734863,8.25,7.800000190734863,8.25,706,0,0,MATI
2022-12-14 00:00:00+07:00,17.600000381469727,17.700000762939453,17.5,17.700000762939453,989487,0,0,MBK
2022-12-14 00:00:00+07:00,10.5,10.600000381469727,10.399999618530273,10.5,974276,0,0,MC
2022-12-14 00:00:00+07:00,4.78000020980835,4.860000133514404,4.760000228881836,4.840000152587891,7900,0,0,MCOT
2022-12-14 00:00:00+07:00,8.899999618530273,8.949999809265137,8.850000381469727,8.949999809265137,252498,0,0,MCS
2022-12-14 00:00:00+07:00,4.360000133514404,4.440000057220459,4.360000133514404,4.400000095367432,2100,0,0,MDX
2022-12-14 00:00:00+07:00,47.0,47.25,46.75,46.75,706772,0,0,MEGA
2022-12-14 00:00:00+07:00,1.4199999570846558,1.4299999475479126,1.409999966621399,1.4199999570846558,1348560,0,0,MENA
2022-12-14 00:00:00+07:00,281.0,282.0,280.0,282.0,10719,0,0,METCO
2022-12-14 00:00:00+07:00,22.700000762939453,22.799999237060547,22.700000762939453,22.799999237060547,9602,0,0,MFC
2022-12-14 00:00:00+07:00,7.900000095367432,8.0,7.900000095367432,7.949999809265137,264702,0,0,MFEC
2022-12-14 00:00:00+07:00,4.679999828338623,4.760000228881836,4.539999961853027,4.539999961853027,664110,0,0,MICRO
2022-12-14 00:00:00+07:00,0.41999998688697815,0.4399999976158142,0.41999998688697815,0.4300000071525574,842500,0,0,MIDA
2022-12-14 00:00:00+07:00,0.7799999713897705,0.7900000214576721,0.7699999809265137,0.7699999809265137,2819750,0,0,MILL
2022-12-14 00:00:00+07:00,31.0,31.25,30.75,31.0,9156602,0,0,MINT
2022-12-14 00:00:00+07:00,14.5,14.5,14.5,14.0,100,0,0,MIPF
2022-12-14 00:00:00+07:00,1.7599999904632568,1.7999999523162842,1.7599999904632568,1.7999999523162842,910,0,0,MIT
2022-12-14 00:00:00+07:00,1.649999976158142,1.649999976158142,1.6299999952316284,1.649999976158142,110400,0,0,MJD
2022-12-14 00:00:00+07:00,5.800000190734863,5.900000095367432,5.800000190734863,5.800000190734863,24150,0,0,MJLF
2022-12-14 00:00:00+07:00,2.799999952316284,2.819999933242798,2.799999952316284,2.819999933242798,44200,0,0,MK
2022-12-14 00:00:00+07:00,1.100000023841858,1.100000023841858,1.090000033378601,1.100000023841858,135870,0,0,ML
2022-12-13 00:00:00+07:00,1.5800000429153442,1.659999966621399,1.5800000429153442,1.5800000429153442,301,0,0,MNIT
2022-12-14 00:00:00+07:00,3.299999952316284,3.319999933242798,3.299999952316284,3.299999952316284,2300,0,0,MODERN
2022-12-14 00:00:00+07:00,1.5,1.5399999618530273,1.5,1.5299999713897705,8807759,0,0,MONO
2022-12-14 00:00:00+07:00,1.4700000286102295,1.4800000190734863,1.4600000381469727,1.4600000381469727,25994,0,0,MPIC
2022-12-14 00:00:00+07:00,9.649999618530273,9.649999618530273,9.5,9.550000190734863,233629,0,0,MSC
2022-12-14 00:00:00+07:00,11.199999809265137,11.300000190734863,11.199999809265137,11.199999809265137,9600,0,0,MST
2022-12-14 00:00:00+07:00,38.5,39.5,38.25,39.25,14258010,0,0,MTC
2022-12-14 00:00:00+07:00,124.0,124.0,123.5,123.5,38215,0,0,MTI
2022-12-14 00:00:00+07:00,0.12999999523162842,0.12999999523162842,0.11999999731779099,0.11999999731779099,3247618,0,0,NATION
2022-12-13 00:00:00+07:00,11.300000190734863,11.300000190734863,11.0,11.5,430,0,0,NC
2022-12-14 00:00:00+07:00,3.5,3.5999999046325684,3.4800000190734863,3.5,21546217,0,0,NCAP
2022-12-14 00:00:00+07:00,1.5099999904632568,1.5099999904632568,1.5,1.5,1880001,0,0,NCH
2022-12-14 00:00:00+07:00,0.25,0.25999999046325684,0.25,0.25,159600,0,0,NEP
2022-12-14 00:00:00+07:00,5.849999904632568,5.900000095367432,5.800000190734863,5.900000095367432,3486779,0,0,NER
2022-12-13 00:00:00+07:00,105.0,111.0,100.0,111.0,2800,0,0,NEW
2022-12-14 00:00:00+07:00,18.399999618530273,18.600000381469727,18.399999618530273,18.5,2262800,0,0,NEX
2022-12-14 00:00:00+07:00,6.099999904632568,6.199999809265137,6.0,6.0,515000,0,0,NFC
2022-12-14 00:00:00+07:00,33.25,33.25,33.25,33.25,100,0,0,NKI
2022-12-14 00:00:00+07:00,2.0199999809265137,2.0199999809265137,2.0,2.0199999809265137,12800,0,0,NNCL
2022-12-14 00:00:00+07:00,4.860000133514404,4.980000019073486,4.840000152587891,4.940000057220459,5007373,0,0,NOBLE
2022-12-14 00:00:00+07:00,11.100000381469727,11.100000381469727,11.100000381469727,11.100000381469727,4200,0,0,NOVA
2022-12-14 00:00:00+07:00,6.300000190734863,6.349999904632568,6.25,6.300000190734863,640034,0,0,NRF
2022-12-14 00:00:00+07:00,204.0,205.0,204.0,205.0,7500,0,0,NSI
2022-12-14 00:00:00+07:00,22.100000381469727,22.100000381469727,21.600000381469727,21.700000762939453,408109,0,0,NSL
2022-12-14 00:00:00+07:00,40.75,40.75,40.5,40.5,4102,0,0,NTV
2022-12-14 00:00:00+07:00,1.1299999952316284,1.149999976158142,1.1200000047683716,1.1399999856948853,11234502,0,0,NUSA
2022-12-14 00:00:00+07:00,2.4600000381469727,2.5,2.4600000381469727,2.4800000190734863,92224,0,0,NV
2022-12-14 00:00:00+07:00,2.0,2.0,2.0,2.0,261700,0,0,NVD
2022-12-14 00:00:00+07:00,0.7599999904632568,0.7699999809265137,0.7599999904632568,0.7699999809265137,842163,0,0,NWR
2022-12-14 00:00:00+07:00,3.4600000381469727,3.4800000190734863,3.440000057220459,3.440000057220459,323710,0,0,NYT
2022-12-13 00:00:00+07:00,24.700000762939453,24.700000762939453,24.700000762939453,24.700000762939453,5702,0,0,OGC
2022-12-14 00:00:00+07:00,47.5,47.5,46.75,47.0,14325,0,0,OISHI
2022-12-14 00:00:00+07:00,9.0,9.0,8.5,8.699999809265137,441904207,0,0,ONEE
2022-12-14 00:00:00+07:00,24.200000762939453,24.299999237060547,24.200000762939453,24.200000762939453,2190933,0,0,OR
2022-12-14 00:00:00+07:00,10.800000190734863,10.899999618530273,10.699999809265137,10.800000190734863,3735599,0,0,ORI
2022-12-14 00:00:00+07:00,28.75,29.25,28.75,29.0,3998529,0,0,OSP
2022-12-14 00:00:00+07:00,1.409999966621399,1.4199999570846558,1.399999976158142,1.399999976158142,57001,0,0,PAF
2022-12-14 00:00:00+07:00,3.680000066757202,3.700000047683716,3.6600000858306885,3.680000066757202,75712,0,0,PAP
2022-12-14 00:00:00+07:00,10.600000381469727,10.699999809265137,10.600000381469727,10.699999809265137,5200,0,0,PATO
2022-12-13 00:00:00+07:00,69.5,70.25,69.5,69.75,1,0,0,PB
2022-12-14 00:00:00+07:00,3.319999933242798,3.359999895095825,3.299999952316284,3.319999933242798,2133437,0,0,PCC
2022-12-14 00:00:00+07:00,4.960000038146973,4.980000019073486,4.960000038146973,4.980000019073486,14000,0,0,PCSGH
2022-12-14 00:00:00+07:00,3.0399999618530273,3.0399999618530273,3.0,3.0199999809265137,328200,0,0,PDJ
2022-12-14 00:00:00+07:00,4.739999771118164,4.760000228881836,4.699999809265137,4.699999809265137,188800,0,0,PEACE
2022-12-14 00:00:00+07:00,1.0299999713897705,1.0499999523162842,1.0299999713897705,1.0499999523162842,268900,0,0,PERM
2022-12-14 00:00:00+07:00,0.4000000059604645,0.4000000059604645,0.38999998569488525,0.4000000059604645,356708,0,0,PF
2022-12-14 00:00:00+07:00,7.25,7.25,7.25,7.25,801,0,0,PG
2022-12-14 00:00:00+07:00,3.380000114440918,3.4000000953674316,3.380000114440918,3.4000000953674316,448100,0,0,PIN
2022-12-14 00:00:00+07:00,1.7300000190734863,1.7599999904632568,1.7300000190734863,1.7400000095367432,1500,0,0,PK
2022-12-14 00:00:00+07:00,2.5,2.5199999809265137,2.4800000190734863,2.5199999809265137,104100,0,0,PL
2022-12-14 00:00:00+07:00,8.149999618530273,8.25,7.900000095367432,8.0,21952300,0,0,PLANB
2022-12-14 00:00:00+07:00,3.180000066757202,3.2200000286102295,3.180000066757202,3.2200000286102295,311100,0,0,PLAT
2022-12-14 00:00:00+07:00,0.6899999976158142,0.699999988079071,0.6800000071525574,0.6899999976158142,338701,0,0,PLE
2022-12-14 00:00:00+07:00,7.900000095367432,7.949999809265137,7.550000190734863,7.599999904632568,7006071,0,0,PLUS
2022-12-14 00:00:00+07:00,9.5,9.550000190734863,9.5,9.5,78600,0,0,PM
2022-12-14 00:00:00+07:00,10.399999618530273,10.399999618530273,10.399999618530273,10.399999618530273,686,0,0,PMTA
2022-12-14 00:00:00+07:00,14.0,14.100000381469727,13.800000190734863,13.899999618530273,379000,0,0,POLY
2022-12-14 00:00:00+07:00,11.199999809265137,11.300000190734863,11.199999809265137,11.199999809265137,212250,0,0,POPF
2022-12-14 00:00:00+07:00,2.0999999046325684,2.119999885559082,2.0999999046325684,2.119999885559082,38800,0,0,PORT
2022-12-14 00:00:00+07:00,11.300000190734863,11.199999809265137,11.199999809265137,11.300000190734863,500,0,0,PPF
2022-12-14 00:00:00+07:00,2.140000104904175,2.1600000858306885,2.0799999237060547,2.0999999046325684,45300,0,0,PPP
2022-12-14 00:00:00+07:00,0.11999999731779099,0.14000000059604645,0.11999999731779099,0.12999999523162842,14496415,0,0,PPPM
2022-12-14 00:00:00+07:00,16.799999237060547,17.100000381469727,16.700000762939453,16.899999618530273,586201,0,0,PR9
2022-12-14 00:00:00+07:00,12.800000190734863,12.800000190734863,12.5,12.600000381469727,81500,0,0,PRAKIT
2022-12-14 00:00:00+07:00,8.600000381469727,8.600000381469727,8.399999618530273,8.5,370001,0,0,PREB
2022-12-14 00:00:00+07:00,1.3300000429153442,1.3300000429153442,1.2899999618530273,1.2999999523162842,168500,0,0,PRECHA
2022-12-14 00:00:00+07:00,11.699999809265137,11.699999809265137,11.600000381469727,11.699999809265137,3300,0,0,PRG
2022-12-14 00:00:00+07:00,1.3700000047683716,1.3799999952316284,1.340000033378601,1.340000033378601,125574,0,0,PRIME
2022-12-14 00:00:00+07:00,2.619999885559082,2.619999885559082,2.5399999618530273,2.559999942779541,302500,0,0,PRIN
2022-12-14 00:00:00+07:00,5.849999904632568,5.849999904632568,5.75,5.800000190734863,2929464,0,0,PRINC
2022-12-14 00:00:00+07:00,7.400000095367432,7.550000190734863,7.300000190734863,7.550000190734863,13404083,0,0,PRM
2022-12-14 00:00:00+07:00,9.600000381469727,9.649999618530273,9.550000190734863,9.649999618530273,21300,0,0,PROSPECT
2022-12-14 00:00:00+07:00,12.100000381469727,12.300000190734863,12.100000381469727,12.199999809265137,304125,0,0,PSH
2022-12-14 00:00:00+07:00,15.199999809265137,15.399999618530273,15.100000381469727,15.300000190734863,4210376,0,0,PSL
2022-12-14 00:00:00+07:00,6.550000190734863,6.599999904632568,6.449999809265137,6.550000190734863,656035,0,0,PT
2022-12-14 00:00:00+07:00,22.0,22.200000762939453,22.0,22.200000762939453,800,0,0,PTECH
2022-12-14 00:00:00+07:00,14.800000190734863,14.899999618530273,14.699999809265137,14.800000190734863,881308,0,0,PTG
2022-12-14 00:00:00+07:00,24.700000762939453,25.5,24.700000762939453,25.25,1108845,0,0,PTL
2022-12-14 00:00:00+07:00,32.0,32.25,31.75,31.75,37871278,0,0,PTT
2022-12-14 00:00:00+07:00,177.0,177.0,174.0,174.5,13638806,0,0,PTTEP
2022-12-14 00:00:00+07:00,45.75,46.75,45.25,46.25,10226784,0,0,PTTGC
2022-12-14 00:00:00+07:00,4.639999866485596,4.639999866485596,4.539999961853027,4.599999904632568,287701,0,0,PYLON
2022-12-14 00:00:00+07:00,9.600000381469727,9.850000381469727,8.800000190734863,8.949999809265137,7898468,0,0,Q-CON
2022-12-14 00:00:00+07:00,2.299999952316284,2.319999933242798,2.2799999713897705,2.319999933242798,13375708,0,0,QH
2022-12-14 00:00:00+07:00,5.75,5.75,5.75,5.75,7100,0,0,QHHR
2022-12-14 00:00:00+07:00,2.319999933242798,2.319999933242798,2.319999933242798,2.319999933242798,1500,0,0,QHOP
2022-12-14 00:00:00+07:00,9.5,9.5,9.399999618530273,9.449999809265137,142863,0,0,QHPF
2022-12-14 00:00:00+07:00,4.619999885559082,4.619999885559082,4.599999904632568,4.619999885559082,16100,0,0,QTC
2022-12-14 00:00:00+07:00,54.0,54.0,53.75,54.0,39479,0,0,RAM
2022-12-14 00:00:00+07:00,42.0,42.25,41.75,42.25,2534534,0,0,RATCH
2022-12-14 00:00:00+07:00,13.5,13.699999809265137,13.399999618530273,13.5,3319749,0,0,RBF
2022-12-14 00:00:00+07:00,29.0,29.25,29.0,29.0,939181,0,0,RCL
2022-12-14 00:00:00+07:00,0.7599999904632568,0.7699999809265137,0.75,0.7699999809265137,212110,0,0,RICHY
2022-12-14 00:00:00+07:00,30.0,30.25,29.75,29.75,307057,0,0,RJH
2022-12-14 00:00:00+07:00,0.7300000190734863,0.7400000095367432,0.7300000190734863,0.7300000190734863,530100,0,0,RML
2022-12-13 00:00:00+07:00,8.149999618530273,8.149999618530273,8.149999618530273,8.199999809265137,200,0,0,ROCK
2022-12-14 00:00:00+07:00,3.259999990463257,3.259999990463257,3.200000047683716,3.200000047683716,15801,0,0,ROH
2022-12-14 00:00:00+07:00,6.050000190734863,6.150000095367432,6.0,6.150000095367432,4166152,0,0,ROJNA
2022-12-14 00:00:00+07:00,0.9399999976158142,0.949999988079071,0.9399999976158142,0.949999988079071,140113,0,0,RPC
2022-12-14 00:00:00+07:00,6.050000190734863,6.099999904632568,6.050000190734863,6.050000190734863,191303,0,0,RPH
2022-12-14 00:00:00+07:00,16.299999237060547,16.299999237060547,15.800000190734863,16.0,1344102,0,0,RS
2022-12-14 00:00:00+07:00,2.319999933242798,2.319999933242798,2.299999952316284,2.319999933242798,179500,0,0,RSP
2022-12-14 00:00:00+07:00,1.4299999475479126,1.4500000476837158,1.4299999475479126,1.4299999475479126,844004,0,0,RT
2022-12-14 00:00:00+07:00,1.8300000429153442,1.8300000429153442,1.809999942779541,1.8200000524520874,775616,0,0,S
2022-12-14 00:00:00+07:00,32.0,32.0,32.0,32.0,760,0,0,S&J
2022-12-14 00:00:00+07:00,5.0,5.0,4.980000019073486,5.0,65000,0,0,S11
2022-12-14 00:00:00+07:00,8.550000190734863,8.550000190734863,8.5,8.5,27700,0,0,SA
2022-12-14 00:00:00+07:00,23.5,23.799999237060547,23.5,23.600000381469727,455856,0,0,SABINA
2022-12-14 00:00:00+07:00,10.399999618530273,10.600000381469727,10.300000190734863,10.399999618530273,8350431,0,0,SABUY
2022-12-14 00:00:00+07:00,6.25,6.300000190734863,6.199999809265137,6.25,1039323,0,0,SAK
2022-12-14 00:00:00+07:00,0.7200000286102295,0.7300000190734863,0.7200000286102295,0.7300000190734863,283700,0,0,SAM
2022-12-14 00:00:00+07:00,5.699999809265137,5.699999809265137,5.599999904632568,5.650000095367432,287300,0,0,SAMART
2022-12-14 00:00:00+07:00,1.4199999570846558,1.440000057220459,1.4199999570846558,1.4199999570846558,143102,0,0,SAMCO
2022-12-14 00:00:00+07:00,7.25,7.25,7.199999809265137,7.25,83900,0,0,SAMTEL
2022-12-14 00:00:00+07:00,40.75,41.0,40.5,40.75,344211,0,0,SAPPE
2022-12-14 00:00:00+07:00,21.899999618530273,22.0,21.700000762939453,21.899999618530273,598237,0,0,SAT
2022-12-14 00:00:00+07:00,29.0,29.0,28.75,29.0,3018,0,0,SAUCE
2022-12-14 00:00:00+07:00,49.0,50.75,49.0,50.0,9916264,0,0,SAWAD
2022-12-14 00:00:00+07:00,4.159999847412109,4.159999847412109,4.079999923706055,4.099999904632568,9434660,0,0,SC
2022-12-14 00:00:00+07:00,27.5,28.25,27.5,28.0,159722,0,0,SCAP
2022-12-14 00:00:00+07:00,103.5,103.5,102.5,103.5,5765598,0,0,SCB
2022-12-14 00:00:00+07:00,331.0,336.0,331.0,335.0,1320588,0,0,SCC
2022-12-14 00:00:00+07:00,149.0,149.5,148.5,149.5,17991,0,0,SCCC
2022-12-14 00:00:00+07:00,5.349999904632568,5.449999809265137,5.0,5.099999904632568,571205,0,0,SCG
2022-12-14 00:00:00+07:00,57.5,58.25,57.5,57.75,3953351,0,0,SCGP
2022-12-14 00:00:00+07:00,1.3200000524520874,1.340000033378601,1.309999942779541,1.3200000524520874,49301,0,0,SCI
2022-12-14 00:00:00+07:00,5.949999809265137,5.949999809265137,5.900000095367432,5.900000095367432,25200,0,0,SCM
2022-12-14 00:00:00+07:00,2.1600000858306885,2.180000066757202,2.119999885559082,2.119999885559082,1859792,0,0,SCN
2022-12-14 00:00:00+07:00,5.0,5.0,5.0,5.0,38800,0,0,SCP
2022-12-14 00:00:00+07:00,0.15000000596046448,0.15000000596046448,0.12999999523162842,0.14000000059604645,82697974,0,0,SDC
2022-12-14 00:00:00+07:00,2.200000047683716,2.240000009536743,2.200000047683716,2.240000009536743,28100,0,0,SE-ED
2022-12-14 00:00:00+07:00,3.799999952316284,3.9000000953674316,3.759999990463257,3.8399999141693115,3238305,0,0,SEAFCO
2022-12-14 00:00:00+07:00,3.9000000953674316,3.940000057220459,3.9000000953674316,3.940000057220459,1202471,0,0,SENA
2022-12-14 00:00:00+07:00,3.0,3.0,2.9600000381469727,2.9800000190734863,184703,0,0,SFLEX
2022-12-14 00:00:00+07:00,9.899999618530273,9.949999809265137,9.899999618530273,9.899999618530273,114615,0,0,SGP
2022-12-14 00:00:00+07:00,54.5,54.75,54.25,54.5,5400,0,0,SHANG
2022-12-14 00:00:00+07:00,3.9800000190734863,4.039999961853027,3.9600000381469727,4.0,10321851,0,0,SHR
2022-12-14 00:00:00+07:00,3.319999933242798,3.319999933242798,3.2799999713897705,3.319999933242798,45900,0,0,SHREIT
2022-12-14 00:00:00+07:00,1.5299999713897705,1.8600000143051147,1.5199999809265137,1.6799999475479126,11127053,0,0,SIAM
2022-12-14 00:00:00+07:00,30.75,31.5,30.75,31.0,2424470,0,0,SINGER
2022-12-14 00:00:00+07:00,1.7999999523162842,1.809999942779541,1.75,1.7799999713897705,205070493,0,0,SIRI
2022-12-13 00:00:00+07:00,7.599999904632568,7.699999809265137,7.550000190734863,7.699999809265137,1721,0,0,SIRIP
2022-12-14 00:00:00+07:00,26.0,26.0,25.5,25.5,56950,0,0,SIS
2022-12-14 00:00:00+07:00,20.399999618530273,20.600000381469727,20.100000381469727,20.5,720012,0,0,SISB
2022-12-14 00:00:00+07:00,1.659999966621399,1.690000057220459,1.649999976158142,1.659999966621399,3994871,0,0,SITHAI
2022-12-14 00:00:00+07:00,0.699999988079071,0.7099999785423279,0.699999988079071,0.699999988079071,283200,0,0,SKE
2022-12-14 00:00:00+07:00,4.5,4.519999980926514,4.5,4.5,89900,0,0,SKN
2022-12-14 00:00:00+07:00,13.699999809265137,13.800000190734863,13.699999809265137,13.800000190734863,34290,0,0,SKR
2022-12-14 00:00:00+07:00,10.0,10.0,9.899999618530273,9.949999809265137,31700,0,0,SKY
2022-12-14 00:00:00+07:00,0.6399999856948853,0.6499999761581421,0.6399999856948853,0.6399999856948853,179800,0,0,SLP
2022-12-14 00:00:00+07:00,4.940000057220459,4.940000057220459,4.920000076293945,4.940000057220459,52300,0,0,SMIT
2022-12-14 00:00:00+07:00,4.5,4.559999942779541,4.480000019073486,4.539999961853027,25100,0,0,SMK
2022-12-14 00:00:00+07:00,13.199999809265137,13.199999809265137,13.0,13.100000381469727,295538,0,0,SMPC
2022-12-14 00:00:00+07:00,5.650000095367432,5.900000095367432,5.650000095367432,5.699999809265137,6700520,0,0,SMT
2022-12-14 00:00:00+07:00,14.0,14.100000381469727,13.800000190734863,14.0,1106912,0,0,SNC
2022-12-14 00:00:00+07:00,19.100000381469727,19.399999618530273,19.0,19.200000762939453,1337580,0,0,SNNP
2022-12-14 00:00:00+07:00,18.399999618530273,18.600000381469727,18.299999237060547,18.200000762939453,47000,0,0,SNP
2022-12-14 00:00:00+07:00,9.649999618530273,9.649999618530273,9.600000381469727,9.600000381469727,62262,0,0,SO
2022-12-14 00:00:00+07:00,0.8899999856948853,0.9100000262260437,0.8799999952316284,0.8899999856948853,1065701,0,0,SOLAR
2022-12-14 00:00:00+07:00,5.300000190734863,5.349999904632568,5.199999809265137,5.300000190734863,262745,0,0,SORKON
2022-12-14 00:00:00+07:00,3.9200000762939453,4.119999885559082,3.880000114440918,3.940000057220459,6212612,0,0,SPACK
2022-12-14 00:00:00+07:00,25.0,25.25,24.799999237060547,24.899999618530273,7537618,0,0,SPALI
2022-12-14 00:00:00+07:00,64.0,64.0,64.0,64.0,101,0,0,SPC
2022-12-14 00:00:00+07:00,14.399999618530273,14.5,14.300000190734863,14.300000190734863,108157,0,0,SPCG
2022-12-14 00:00:00+07:00,17.0,17.100000381469727,17.0,17.100000381469727,300,0,0,SPG
2022-12-13 00:00:00+07:00,70.75,71.0,70.5,71.0,13901,0,0,SPI
2022-12-14 00:00:00+07:00,11.800000190734863,11.899999618530273,11.5,11.600000381469727,11310540,0,0,SPRC
2022-12-14 00:00:00+07:00,6.800000190734863,6.849999904632568,6.800000190734863,6.849999904632568,183100,0,0,SPRIME
2022-12-14 00:00:00+07:00,1.840000033378601,1.850000023841858,1.840000033378601,1.840000033378601,195800,0,0,SQ
2022-12-14 00:00:00+07:00,9.300000190734863,9.399999618530273,9.300000190734863,9.350000381469727,47300,0,0,SRICHA
2022-12-14 00:00:00+07:00,7.25,7.25,7.25,7.25,502,0,0,SRIPANWA
2022-12-13 00:00:00+07:00,29.75,29.75,29.75,29.75,5,0,0,SSC
2022-12-14 00:00:00+07:00,8.699999809265137,8.75,8.300000190734863,8.75,2300,0,0,SSF
2022-12-14 00:00:00+07:00,10.399999618530273,10.699999809265137,10.199999809265137,10.300000190734863,12317872,0,0,SSP
2022-12-14 00:00:00+07:00,7.099999904632568,7.099999904632568,7.099999904632568,7.099999904632568,700,0,0,SSPF
2022-12-14 00:00:00+07:00,3.0,3.0199999809265137,2.9800000190734863,3.0199999809265137,134000,0,0,SSSC
2022-12-14 00:00:00+07:00,6.449999809265137,6.449999809265137,6.400000095367432,6.400000095367432,8001,0,0,SST
2022-12-14 00:00:00+07:00,5.75,5.800000190734863,5.75,5.800000190734863,55800,0,0,SSTRT
2022-12-14 00:00:00+07:00,19.0,19.100000381469727,18.799999237060547,18.799999237060547,1030065,0,0,STA
2022-12-14 00:00:00+07:00,193.5,194.0,191.5,193.5,26748,0,0,STANLY
2022-12-14 00:00:00+07:00,3.2200000286102295,3.259999990463257,2.9600000381469727,3.0,163619414,0,0,STARK
2022-12-14 00:00:00+07:00,12.600000381469727,12.800000190734863,12.399999618530273,12.600000381469727,6698419,0,0,STEC
2022-12-14 00:00:00+07:00,1.9900000095367432,2.0,1.9900000095367432,1.9900000095367432,269300,0,0,STECH
2022-12-14 00:00:00+07:00,9.75,9.75,9.399999618530273,9.550000190734863,13443508,0,0,STGT
2022-12-14 00:00:00+07:00,5.0,5.0,4.920000076293945,4.960000038146973,37850,0,0,STI
2022-12-14 00:00:00+07:00,4.340000152587891,4.420000076293945,4.300000190734863,4.400000095367432,2454242,0,0,STPI
2022-12-14 00:00:00+07:00,28.5,28.75,28.5,28.75,178600,0,0,SUC
2022-12-14 00:00:00+07:00,4.380000114440918,4.400000095367432,4.360000133514404,4.380000114440918,200646,0,0,SUN
2022-12-14 00:00:00+07:00,0.6600000262260437,0.6600000262260437,0.6499999761581421,0.6499999761581421,45993555,0,0,SUPER
2022-12-14 00:00:00+07:00,9.850000381469727,9.899999618530273,9.850000381469727,9.899999618530273,188241,0,0,SUPEREIF
2022-12-14 00:00:00+07:00,4.300000190734863,4.360000133514404,4.239999771118164,4.260000228881836,8469809,0,0,SUSCO
2022-12-14 00:00:00+07:00,3.940000057220459,4.019999980926514,3.940000057220459,3.940000057220459,135201,0,0,SUTHA
2022-12-14 00:00:00+07:00,11.0,11.300000190734863,10.800000190734863,10.899999618530273,8349895,0,0,SVI
2022-12-14 00:00:00+07:00,2.619999885559082,2.640000104904175,2.5999999046325684,2.619999885559082,935801,0,0,SVOA
2022-12-14 00:00:00+07:00,3.380000114440918,3.440000057220459,3.240000009536743,3.2799999713897705,4005015,0,0,SVT
2022-12-14 00:00:00+07:00,6.099999904632568,6.150000095367432,6.050000190734863,6.050000190734863,18500,0,0,SYMC
2022-12-14 00:00:00+07:00,16.799999237060547,17.100000381469727,16.700000762939453,16.899999618530273,1134582,0,0,SYNEX
2022-12-14 00:00:00+07:00,1.6699999570846558,1.6799999475479126,1.649999976158142,1.649999976158142,410200,0,0,SYNTEC
2022-12-14 00:00:00+07:00,1.6100000143051147,1.6299999952316284,1.6100000143051147,1.6200000047683716,93200,0,0,TAE
2022-12-14 00:00:00+07:00,17.700000762939453,17.899999618530273,17.600000381469727,17.799999237060547,1589823,0,0,TASCO
2022-12-14 00:00:00+07:00,13.0,13.0,12.199999809265137,12.5,3522002,0,0,TC
2022-12-14 00:00:00+07:00,42.5,43.0,42.25,42.75,3059741,0,0,TCAP
2022-12-14 00:00:00+07:00,0.9399999976158142,0.9800000190734863,0.9300000071525574,0.9399999976158142,7418601,0,0,TCC
2022-12-14 00:00:00+07:00,28.25,28.25,28.0,28.0,700,0,0,TCCC
2022-12-14 00:00:00+07:00,4.119999885559082,4.139999866485596,4.119999885559082,4.139999866485596,12600,0,0,TCJ
2022-12-14 00:00:00+07:00,1.6200000047683716,1.649999976158142,1.6200000047683716,1.6299999952316284,318400,0,0,TCMC
2022-12-14 00:00:00+07:00,9.350000381469727,9.350000381469727,8.0,8.100000381469727,33661480,0,0,TEAM
2022-12-14 00:00:00+07:00,14.0,14.300000190734863,13.600000381469727,14.0,1967758,0,0,TEAMG
2022-12-14 00:00:00+07:00,4.639999866485596,4.800000190734863,4.579999923706055,4.739999771118164,30636407,0,0,TEGH
2022-12-14 00:00:00+07:00,3.0399999618530273,3.1600000858306885,3.0399999618530273,3.059999942779541,4147857,0,0,TEKA
2022-12-14 00:00:00+07:00,7.599999904632568,7.650000095367432,7.550000190734863,7.599999904632568,591802,0,0,TFFIF
2022-12-14 00:00:00+07:00,5.25,5.25,5.150000095367432,5.199999809265137,5371911,0,0,TFG
2022-12-14 00:00:00+07:00,0.1599999964237213,0.1599999964237213,0.15000000596046448,0.15000000596046448,2101700,0,0,TFI
2022-12-14 00:00:00+07:00,9.300000190734863,9.300000190734863,9.100000381469727,9.199999809265137,98507,0,0,TFM
2022-12-14 00:00:00+07:00,199.0,200.0,199.0,200.0,1100,0,0,TFMAMA
2022-12-14 00:00:00+07:00,1.7799999713897705,1.7799999713897705,1.7599999904632568,1.7599999904632568,1910905,0,0,TGE
2022-12-14 00:00:00+07:00,0.25,0.25,0.23999999463558197,0.25,1063420,0,0,TGPRO
2022-12-14 00:00:00+07:00,2.319999933242798,2.4000000953674316,2.299999952316284,2.319999933242798,9268326,0,0,TH
2022-12-14 00:00:00+07:00,4.260000228881836,4.300000190734863,4.239999771118164,4.260000228881836,6599179,0,0,THANI
2022-12-14 00:00:00+07:00,12.699999809265137,13.399999618530273,12.600000381469727,13.199999809265137,28245562,0,0,THCOM
2022-12-14 00:00:00+07:00,1.559999942779541,1.600000023841858,1.559999942779541,1.590000033378601,12700,0,0,THE
2022-12-14 00:00:00+07:00,65.75,66.75,65.5,65.75,1135003,0,0,THG
2022-12-14 00:00:00+07:00,39.0,39.75,38.75,39.0,78297,0,0,THIP
2022-12-14 00:00:00+07:00,1.0,1.0,0.9900000095367432,0.9900000095367432,329300,0,0,THRE
2022-12-14 00:00:00+07:00,4.380000114440918,4.380000114440918,4.340000152587891,4.380000114440918,152300,0,0,THREL
2022-12-14 00:00:00+07:00,29.5,29.75,29.25,29.75,5360416,0,0,TIDLOR
2022-12-14 00:00:00+07:00,8.949999809265137,8.949999809265137,8.949999809265137,8.949999809265137,600,0,0,TIF1
2022-12-14 00:00:00+07:00,9.0,9.0,8.899999618530273,8.899999618530273,409323,0,0,TIPCO
2022-12-14 00:00:00+07:00,50.0,51.0,49.5,50.25,5336265,0,0,TIPH
2022-12-14 00:00:00+07:00,98.75,99.0,98.5,98.75,1154657,0,0,TISCO
2022-12-14 00:00:00+07:00,8.350000381469727,8.399999618530273,8.300000190734863,8.300000190734863,164000,0,0,TK
2022-12-14 00:00:00+07:00,19.700000762939453,19.899999618530273,19.600000381469727,19.600000381469727,52404,0,0,TKC
2022-12-14 00:00:00+07:00,11.399999618530273,11.600000381469727,11.399999618530273,11.5,2211473,0,0,TKN
2022-12-14 00:00:00+07:00,11.800000190734863,11.899999618530273,11.699999809265137,11.800000190734863,1760427,0,0,TKS
2022-12-14 00:00:00+07:00,2.759999990463257,2.819999933242798,2.7200000286102295,2.740000009536743,6483109,0,0,TKT
2022-12-14 00:00:00+07:00,7.5,7.5,7.5,7.5,5000,0,0,TLHPF
2022-12-14 00:00:00+07:00,15.300000190734863,15.5,15.300000190734863,15.300000190734863,4650906,0,0,TLI
2022-12-14 00:00:00+07:00,24.5,24.5,24.5,24.5,5200,0,0,TMD
2022-12-14 00:00:00+07:00,7.0,7.099999904632568,6.949999809265137,7.0,403871,0,0,TMT
2022-12-14 00:00:00+07:00,6.849999904632568,6.949999809265137,6.849999904632568,6.900000095367432,181401,0,0,TNITY
2022-12-14 00:00:00+07:00,33.0,33.0,33.0,33.0,700,0,0,TNL
2022-12-14 00:00:00+07:00,2.0799999237060547,2.0799999237060547,2.0199999809265137,2.0199999809265137,45786,0,0,TNPC
2022-12-13 00:00:00+07:00,1.7999999523162842,1.7999999523162842,1.7999999523162842,1.7999999523162842,50000,0,0,TNPF
2022-12-14 00:00:00+07:00,12.0,12.100000381469727,11.899999618530273,12.0,30601,0,0,TNR
2022-12-14 00:00:00+07:00,33.75,34.0,33.5,33.75,1010784,0,0,TOA
2022-12-14 00:00:00+07:00,9.600000381469727,9.600000381469727,9.449999809265137,9.449999809265137,69500,0,0,TOG
2022-12-14 00:00:00+07:00,54.25,55.0,54.25,54.5,4827435,0,0,TOP
2022-12-14 00:00:00+07:00,5.849999904632568,6.099999904632568,5.849999904632568,6.0,2402,0,0,TPA
2022-12-14 00:00:00+07:00,13.100000381469727,13.100000381469727,12.899999618530273,12.899999618530273,36500,0,0,TPAC
2022-12-14 00:00:00+07:00,5.650000095367432,5.949999809265137,5.5,5.550000190734863,6615009,0,0,TPBI
2022-12-14 00:00:00+07:00,20.100000381469727,20.100000381469727,20.100000381469727,20.100000381469727,200,0,0,TPCS
2022-12-14 00:00:00+07:00,1.7699999809265137,1.850000023841858,1.7699999809265137,1.8300000429153442,34716236,0,0,TPIPL
2022-12-14 00:00:00+07:00,3.299999952316284,3.319999933242798,3.2799999713897705,3.299999952316284,4150979,0,0,TPIPP
2022-12-14 00:00:00+07:00,1.2699999809265137,1.2799999713897705,1.2599999904632568,1.2699999809265137,365400,0,0,TPOLY
2022-12-14 00:00:00+07:00,20.0,20.0,20.0,20.0,200,0,0,TPP
2022-12-13 00:00:00+07:00,8.149999618530273,8.350000381469727,8.149999618530273,8.350000381469727,190700,0,0,TPRIME
2022-12-14 00:00:00+07:00,39.5,39.75,39.25,39.5,415123,0,0,TQM
2022-12-14 00:00:00+07:00,48.0,48.25,48.0,48.25,200,0,0,TR
2022-12-14 00:00:00+07:00,0.27000001072883606,0.28999999165534973,0.27000001072883606,0.2800000011920929,1651199,0,0,TRC
2022-12-14 00:00:00+07:00,0.1899999976158142,0.1899999976158142,0.17000000178813934,0.18000000715255737,32527500,0,0,TRITN
2022-12-14 00:00:00+07:00,6.199999809265137,6.25,6.050000190734863,6.050000190734863,441371,0,0,TRU
2022-12-14 00:00:00+07:00,1.899999976158142,1.899999976158142,1.8799999952316284,1.8899999856948853,455587,0,0,TRUBB
2022-12-14 00:00:00+07:00,4.699999809265137,4.739999771118164,4.699999809265137,4.71999979019165,22463690,0,0,TRUE
2022-12-14 00:00:00+07:00,14.0,14.100000381469727,14.0,14.0,8109,0,0,TSC
2022-12-14 00:00:00+07:00,2.3399999141693115,2.380000114440918,2.319999933242798,2.319999933242798,8362501,0,0,TSE
2022-12-14 00:00:00+07:00,0.28999999165534973,0.28999999165534973,0.2800000011920929,0.2800000011920929,66801,0,0,TSI
2022-12-14 00:00:00+07:00,3.380000114440918,3.4000000953674316,3.0,3.0999999046325684,10947680,0,0,TSR
2022-12-14 00:00:00+07:00,7.150000095367432,7.150000095367432,7.150000095367432,7.150000095367432,200,0,0,TSTE
2022-12-14 00:00:00+07:00,1.090000033378601,1.1200000047683716,1.090000033378601,1.090000033378601,5089884,0,0,TSTH
2022-12-14 00:00:00+07:00,8.25,8.399999618530273,8.199999809265137,8.350000381469727,3895640,0,0,TTA
2022-12-14 00:00:00+07:00,1.3600000143051147,1.3799999952316284,1.350000023841858,1.3700000047683716,113839092,0,0,TTB
2022-12-14 00:00:00+07:00,4.599999904632568,4.599999904632568,4.519999980926514,4.519999980926514,1975614,0,0,TTCL
2022-12-13 00:00:00+07:00,27.5,28.0,27.5,28.0,500,0,0,TTI
2022-12-13 00:00:00+07:00,22.600000381469727,22.700000762939453,22.600000381469727,22.700000762939453,1500,0,0,TTLPF
2022-12-14 00:00:00+07:00,8.800000190734863,8.899999618530273,8.75,8.899999618530273,5066288,0,0,TTW
2022-12-14 00:00:00+07:00,16.600000381469727,16.899999618530273,16.600000381469727,16.899999618530273,12783102,0,0,TU
2022-12-14 00:00:00+07:00,12.100000381469727,12.300000190734863,12.0,12.100000381469727,223707,0,0,TVI
2022-12-14 00:00:00+07:00,28.25,28.5,28.0,28.5,711973,0,0,TVO
2022-12-14 00:00:00+07:00,3.0199999809265137,3.059999942779541,3.0199999809265137,3.0399999618530273,28000,0,0,TWP
2022-12-14 00:00:00+07:00,5.199999809265137,5.25,5.150000095367432,5.25,145400,0,0,TWPC
2022-12-14 00:00:00+07:00,0.05999999865889549,0.07000000029802322,0.05999999865889549,0.05999999865889549,29950252,0,0,TWZ
2022-12-14 00:00:00+07:00,2.8399999141693115,2.859999895095825,2.8399999141693115,2.8399999141693115,2700,0,0,TYCN
2022-12-14 00:00:00+07:00,4.78000020980835,4.78000020980835,4.699999809265137,4.71999979019165,175013,0,0,UAC
2022-12-14 00:00:00+07:00,1.5,1.5099999904632568,1.4900000095367432,1.4900000095367432,1353100,0,0,UBE
2022-12-14 00:00:00+07:00,1.5399999618530273,1.559999942779541,1.5199999809265137,1.5299999713897705,265500,0,0,UMI
2022-12-14 00:00:00+07:00,4.639999866485596,4.760000228881836,4.599999904632568,4.71999979019165,1158750,0,0,UNIQ
2022-12-14 00:00:00+07:00,5.199999809265137,5.199999809265137,5.199999809265137,5.199999809265137,300,0,0,UOBKH
2022-12-14 00:00:00+07:00,60.0,61.5,60.0,60.0,300,0,0,UPF
2022-12-14 00:00:00+07:00,6.550000190734863,6.550000190734863,6.5,6.550000190734863,16900,0,0,UPOIC
2022-12-14 00:00:00+07:00,2.299999952316284,2.299999952316284,2.059999942779541,2.059999942779541,1400,0,0,URBNPF
2022-12-14 00:00:00+07:00,16.399999618530273,16.399999618530273,16.100000381469727,16.399999618530273,189011,0,0,UTP
2022-12-14 00:00:00+07:00,2.940000057220459,2.9600000381469727,2.940000057220459,2.940000057220459,764900,0,0,UV
2022-12-14 00:00:00+07:00,7.400000095367432,7.449999809265137,7.349999904632568,7.400000095367432,385505,0,0,UVAN
2022-12-14 00:00:00+07:00,9.800000190734863,10.100000381469727,9.600000381469727,9.699999809265137,1366631,0,0,VARO
2022-12-14 00:00:00+07:00,4.519999980926514,4.619999885559082,4.5,4.579999923706055,54658168,0,0,VGI
2022-12-14 00:00:00+07:00,2.6600000858306885,2.680000066757202,2.640000104904175,2.680000066757202,2454031,0,0,VIBHA
2022-12-14 00:00:00+07:00,8.949999809265137,9.0,8.899999618530273,8.949999809265137,85375,0,0,VIH
2022-12-14 00:00:00+07:00,5.800000190734863,5.849999904632568,5.75,5.800000190734863,115105,0,0,VNG
2022-12-14 00:00:00+07:00,1.2000000476837158,1.2100000381469727,1.190000057220459,1.2000000476837158,169323,0,0,VPO
2022-12-14 00:00:00+07:00,7.199999809265137,7.25,7.099999904632568,7.199999809265137,618100,0,0,VRANDA
2022-12-14 00:00:00+07:00,1.840000033378601,1.909999966621399,1.840000033378601,1.8899999856948853,1408801,0,0,W
2022-12-13 00:00:00+07:00,34.5,34.5,34.5,34.5,7,0,0,WACOAL
2022-12-14 00:00:00+07:00,0.12999999523162842,0.12999999523162842,0.11999999731779099,0.11999999731779099,10050707,0,0,WAVE
2022-12-14 00:00:00+07:00,4.5,4.5,4.440000057220459,4.440000057220459,373351,0,0,WFX
2022-12-14 00:00:00+07:00,1.309999942779541,1.309999942779541,1.2899999618530273,1.2999999523162842,40100,0,0,WGE
2022-12-14 00:00:00+07:00,3.880000114440918,3.9600000381469727,3.859999895095825,3.9200000762939453,100869299,0,0,WHA
2022-12-14 00:00:00+07:00,8.350000381469727,8.350000381469727,8.350000381469727,8.350000381469727,1400,0,0,WHABT
2022-12-14 00:00:00+07:00,7.25,7.349999904632568,7.25,7.349999904632568,515500,0,0,WHAIR
2022-12-14 00:00:00+07:00,10.199999809265137,10.300000190734863,10.100000381469727,10.199999809265137,1021110,0,0,WHART
2022-12-14 00:00:00+07:00,4.019999980926514,4.039999961853027,3.9800000190734863,3.9800000190734863,2643307,0,0,WHAUP
2022-12-14 00:00:00+07:00,11.0,11.0,10.800000190734863,10.899999618530273,1120710,0,0,WICE
2022-12-14 00:00:00+07:00,1.7799999713897705,1.7999999523162842,1.7799999713897705,1.7999999523162842,183825,0,0,WIIK
2022-12-14 00:00:00+07:00,1.0,1.0099999904632568,0.9900000095367432,1.0,283100,0,0,WIN
2022-12-14 00:00:00+07:00,18.700000762939453,18.899999618530273,18.5,18.799999237060547,1003401,0,0,WORK
2022-12-14 00:00:00+07:00,4.539999961853027,4.539999961853027,4.5,4.519999980926514,90977,0,0,WP
2022-12-14 00:00:00+07:00,3.9000000953674316,3.940000057220459,3.880000114440918,3.880000114440918,262607,0,0,WPH
2022-12-14 00:00:00+07:00,1.5099999904632568,1.5399999618530273,1.5,1.5,13700311,0,0,XPG
2022-12-14 00:00:00+07:00,18.0,18.0,17.600000381469727,17.700000762939453,274507,0,0,ZEN
